common,main_id,src_id,Gmag,plx,plx_err,d_nom,d_lb,spec,lum,var,brange
Gaia DR3 4094031138050641408,*  16 Sgr,4094031138050641408,5.898,0.06415,0.32410,50845,8401,O9.5III,III,N/A,N/A
Gaia DR3 2005992002061917312,V* RW Cep,2005992002061917312,5.585,0.11398,0.03425,28616,22004,K2_0-Ia,Ia,N/A,N/A
Gaia DR3 2202630001603369856,* mu. Cep,2202630001603369856,2.451,0.11902,0.26369,27403,8522,M2-Ia,Ia,N/A,N/A
Gaia DR3 5333358794709001216,V* V810 Cen,5333358794709001216,4.792,0.15369,0.09270,21222,13238,G0_0-IaFe1,Ia,N/A,N/A
Gaia DR3 5966510057279631488,HD 152234,5966510057279631488,5.424,0.15988,0.34058,20399,6517,B0.5Ia,Ia,N/A,N/A
