common,main_id,src_id,Gmag,plx,plx_err,d_nom,d_lb,spec,lum,var,brange
Gaia DR3 2202630001603369856,* mu. Cep,2202630001603369856,2.451,0.11902,0.26369,27403,8522,M2-Ia,Ia,N/A,N/A
Gaia DR3 5333358794709001216,V* V810 Cen,5333358794709001216,4.792,0.15369,0.09270,21222,13238,G0_0-IaFe1,Ia,N/A,N/A
Gaia DR3 413828761929696256,* phi Cas,413828761929696256,4.736,0.21417,0.08385,15229,10944,F0Ia,Ia,N/A,N/A
Gaia DR3 5337891256535666176,* x Car,5337891256535666176,3.557,0.22276,0.10044,14642,10092,G5_0-Ia,Ia,N/A,N/A
Gaia DR3 2009856132592845568,V* V509 Cas,2009856132592845568,4.999,0.25073,0.06327,13008,10387,G4_0,N/A,N/A,N/A
